year,language,poll_station_no,file_name
2016,English,01,daman_2016/eng_001.pdf
2016,English,02,daman_2016/eng_002.pdf
2016,English,03,daman_2016/eng_003.pdf
2016,English,04,daman_2016/eng_004.pdf
2016,English,05,daman_2016/eng_005.pdf
2016,English,06,daman_2016/eng_006.pdf
2016,English,07,daman_2016/eng_007.pdf
2016,English,08,daman_2016/eng_008.pdf
2016,English,09,daman_2016/eng_009.pdf
2016,English,10,daman_2016/eng_010.pdf
2016,English,11,daman_2016/eng_011.pdf
2016,English,12,daman_2016/eng_012.pdf
2016,English,13,daman_2016/eng_013.pdf
2016,English,14,daman_2016/eng_014.pdf
2016,English,15,daman_2016/eng_015.pdf
2016,English,16,daman_2016/eng_016.pdf
2016,English,17,daman_2016/eng_017.pdf
2016,English,18,daman_2016/eng_018.pdf
2016,English,19,daman_2016/eng_019.pdf
2016,English,20,daman_2016/eng_020.pdf
2016,English,21,daman_2016/eng_021.pdf
2016,English,22,daman_2016/eng_022.pdf
2016,English,23,daman_2016/eng_023.pdf
2016,English,24,daman_2016/eng_024.pdf
2016,English,25,daman_2016/eng_025.pdf
2016,English,26,daman_2016/eng_026.pdf
2016,English,27,daman_2016/eng_027.pdf
2016,English,28,daman_2016/eng_028.pdf
2016,English,29,daman_2016/eng_029.pdf
2016,English,30,daman_2016/eng_030.pdf
2016,English,31,daman_2016/eng_031.pdf
2016,English,32,daman_2016/eng_032.pdf
2016,English,33,daman_2016/eng_033.pdf
2016,English,34,daman_2016/eng_034.pdf
2016,English,35,daman_2016/eng_035.pdf
2016,English,36,daman_2016/eng_036.pdf
2016,English,37,daman_2016/eng_037.pdf
2016,English,38,daman_2016/eng_038.pdf
2016,English,39,daman_2016/eng_039.pdf
2016,English,40,daman_2016/eng_040.pdf
2016,English,41,daman_2016/eng_041.pdf
2016,English,42,daman_2016/eng_042.pdf
2016,English,43,daman_2016/eng_043.pdf
2016,English,44,daman_2016/eng_044.pdf
2016,English,45,daman_2016/eng_045.pdf
2016,English,46,daman_2016/eng_046.pdf
2016,English,47,daman_2016/eng_047.pdf
2016,English,48,daman_2016/eng_048.pdf
2016,English,49,daman_2016/eng_049.pdf
2016,English,50,daman_2016/eng_050.pdf
2016,English,51,daman_2016/eng_051.pdf
2016,English,52,daman_2016/eng_052.pdf
2016,English,53,daman_2016/eng_053.pdf
2016,English,54,daman_2016/eng_054.pdf
2016,English,55,daman_2016/eng_055.pdf
2016,English,56,daman_2016/eng_056.pdf
2016,English,57,daman_2016/eng_057.pdf
2016,English,58,daman_2016/eng_058.pdf
2016,English,59,daman_2016/eng_059.pdf
2016,English,60,daman_2016/eng_060.pdf
2016,English,61,daman_2016/eng_061.pdf
2016,English,62,daman_2016/eng_062.pdf
2016,English,63,daman_2016/eng_063.pdf
2016,English,64,daman_2016/eng_064.pdf
2016,English,65,daman_2016/eng_065.pdf
2016,English,66,daman_2016/eng_066.pdf
2016,English,67,daman_2016/eng_067.pdf
2016,English,68,daman_2016/eng_068.pdf
2016,English,69,daman_2016/eng_069.pdf
2016,English,70,daman_2016/eng_070.pdf
2016,English,71,daman_2016/eng_071.pdf
2016,English,72,daman_2016/eng_072.pdf
2016,English,73,daman_2016/eng_073.pdf
2016,English,74,daman_2016/eng_074.pdf
2016,English,75,daman_2016/eng_075.pdf
2016,English,76,daman_2016/eng_076.pdf
2016,English,77,daman_2016/eng_077.pdf
2016,English,78,daman_2016/eng_078.pdf
2016,English,79,daman_2016/eng_079.pdf
2016,English,80,daman_2016/eng_080.pdf
2016,English,81,daman_2016/eng_081.pdf
2016,English,82,daman_2016/eng_082.pdf
2016,English,83,daman_2016/eng_083.pdf
2016,English,84,daman_2016/eng_084.pdf
2016,English,85,daman_2016/eng_085.pdf
2016,English,86,daman_2016/eng_086.pdf
2016,English,87,daman_2016/eng_087.pdf
2016,English,88,daman_2016/eng_088.pdf
2016,English,89,daman_2016/eng_089.pdf
2016,English,90,daman_2016/eng_090.pdf
2016,English,91,daman_2016/eng_091.pdf
2016,English,92,daman_2016/eng_092.pdf
2016,English,93,daman_2016/eng_093.pdf
2016,English,94,daman_2016/eng_094.pdf
2016,English,95,daman_2016/eng_095.pdf
2016,English,96,daman_2016/eng_096.pdf
2016,English,97,daman_2016/eng_097.pdf
2016,English,98,daman_2016/eng_098.pdf
2016,English,99,daman_2016/eng_099.pdf
2016,English,100,daman_2016/eng_100.pdf
2016,English,101,daman_2016/eng_101.pdf
2016,English,102,daman_2016/eng_102.pdf
2016,English,103,daman_2016/eng_103.pdf
2016,English,104,daman_2016/eng_104.pdf
2016,English,105,daman_2016/eng_105.pdf
2016,English,106,daman_2016/eng_106.pdf
2016,English,107,daman_2016/eng_107.pdf
2016,English,108,daman_2016/eng_108.pdf
2016,English,109,daman_2016/eng_109.pdf
2016,English,110,daman_2016/eng_110.pdf
2016,English,111,daman_2016/eng_111.pdf
2016,English,112,daman_2016/eng_112.pdf
2016,English,113,daman_2016/eng_113.pdf
2016,English,114,daman_2016/eng_114.pdf
2016,English,115,daman_2016/eng_115.pdf
2016,English,116,daman_2016/eng_116.pdf
2016,English,117,daman_2016/eng_117.pdf
2016,English,118,daman_2016/eng_118.pdf
2016,English,119,daman_2016/eng_119.pdf
2016,English,120,daman_2016/eng_120.pdf
2016,English,121,daman_2016/eng_121.pdf
2016,English,122,daman_2016/eng_122.pdf
2016,English,123,daman_2016/eng_123.pdf
2016,English,124,daman_2016/eng_124.pdf
2016,English,125,daman_2016/eng_125.pdf
2016,English,126,daman_2016/eng_126.pdf
2016,English,127,daman_2016/eng_127.pdf
2016,English,128,daman_2016/eng_128.pdf
2016,English,129,daman_2016/eng_129.pdf
2016,English,130,daman_2016/eng_130.pdf
2016,English,131,daman_2016/eng_131.pdf
2016,English,132,daman_2016/eng_132.pdf
2016,English,133,daman_2016/eng_133.pdf
2016,English,134,daman_2016/eng_134.pdf
2016,English,135,daman_2016/eng_135.pdf
