language,main_or_supplementary,part_no,file_name
guj,main,1,dadra_pdfs/guj_main_001.pdf
guj,main,2,dadra_pdfs/guj_main_002.pdf
guj,main,3,dadra_pdfs/guj_main_003.pdf
guj,main,4,dadra_pdfs/guj_main_004.pdf
guj,main,5,dadra_pdfs/guj_main_005.pdf
guj,main,6,dadra_pdfs/guj_main_006.pdf
guj,main,7,dadra_pdfs/guj_main_007.pdf
guj,main,8,dadra_pdfs/guj_main_008.pdf
guj,main,9,dadra_pdfs/guj_main_009.pdf
guj,main,10,dadra_pdfs/guj_main_010.pdf
guj,main,11,dadra_pdfs/guj_main_011.pdf
guj,main,12,dadra_pdfs/guj_main_012.pdf
guj,main,13,dadra_pdfs/guj_main_013.pdf
guj,main,14,dadra_pdfs/guj_main_014.pdf
guj,main,15,dadra_pdfs/guj_main_015.pdf
guj,main,16,dadra_pdfs/guj_main_016.pdf
guj,main,17,dadra_pdfs/guj_main_017.pdf
guj,main,18,dadra_pdfs/guj_main_018.pdf
guj,main,19,dadra_pdfs/guj_main_019.pdf
guj,main,20,dadra_pdfs/guj_main_020.pdf
guj,main,21,dadra_pdfs/guj_main_021.pdf
guj,main,22,dadra_pdfs/guj_main_022.pdf
guj,main,23,dadra_pdfs/guj_main_023.pdf
guj,main,24,dadra_pdfs/guj_main_024.pdf
guj,main,25,dadra_pdfs/guj_main_025.pdf
guj,main,26,dadra_pdfs/guj_main_026.pdf
guj,main,27,dadra_pdfs/guj_main_027.pdf
guj,main,28,dadra_pdfs/guj_main_028.pdf
guj,main,29,dadra_pdfs/guj_main_029.pdf
guj,main,30,dadra_pdfs/guj_main_030.pdf
guj,main,31,dadra_pdfs/guj_main_031.pdf
guj,main,32,dadra_pdfs/guj_main_032.pdf
guj,main,33,dadra_pdfs/guj_main_033.pdf
guj,main,34,dadra_pdfs/guj_main_034.pdf
guj,main,35,dadra_pdfs/guj_main_035.pdf
guj,main,36,dadra_pdfs/guj_main_036.pdf
guj,main,37,dadra_pdfs/guj_main_037.pdf
guj,main,38,dadra_pdfs/guj_main_038.pdf
guj,main,39,dadra_pdfs/guj_main_039.pdf
guj,main,40,dadra_pdfs/guj_main_040.pdf
guj,main,41,dadra_pdfs/guj_main_041.pdf
guj,main,42,dadra_pdfs/guj_main_042.pdf
guj,main,43,dadra_pdfs/guj_main_043.pdf
guj,main,44,dadra_pdfs/guj_main_044.pdf
guj,main,45,dadra_pdfs/guj_main_045.pdf
guj,main,46,dadra_pdfs/guj_main_046.pdf
guj,main,47,dadra_pdfs/guj_main_047.pdf
guj,main,48,dadra_pdfs/guj_main_048.pdf
guj,main,49,dadra_pdfs/guj_main_049.pdf
guj,main,50,dadra_pdfs/guj_main_050.pdf
guj,main,51,dadra_pdfs/guj_main_051.pdf
guj,main,52,dadra_pdfs/guj_main_052.pdf
guj,main,53,dadra_pdfs/guj_main_053.pdf
guj,main,54,dadra_pdfs/guj_main_054.pdf
guj,main,55,dadra_pdfs/guj_main_055.pdf
guj,main,56,dadra_pdfs/guj_main_056.pdf
guj,main,57,dadra_pdfs/guj_main_057.pdf
guj,main,58,dadra_pdfs/guj_main_058.pdf
guj,main,59,dadra_pdfs/guj_main_059.pdf
guj,main,60,dadra_pdfs/guj_main_060.pdf
guj,main,61,dadra_pdfs/guj_main_061.pdf
guj,main,62,dadra_pdfs/guj_main_062.pdf
guj,main,63,dadra_pdfs/guj_main_063.pdf
guj,main,64,dadra_pdfs/guj_main_064.pdf
guj,main,65,dadra_pdfs/guj_main_065.pdf
guj,main,66,dadra_pdfs/guj_main_066.pdf
guj,main,67,dadra_pdfs/guj_main_067.pdf
guj,main,68,dadra_pdfs/guj_main_068.pdf
guj,main,69,dadra_pdfs/guj_main_069.pdf
guj,main,70,dadra_pdfs/guj_main_070.pdf
guj,main,71,dadra_pdfs/guj_main_071.pdf
guj,main,72,dadra_pdfs/guj_main_072.pdf
guj,main,73,dadra_pdfs/guj_main_073.pdf
guj,main,74,dadra_pdfs/guj_main_074.pdf
guj,main,75,dadra_pdfs/guj_main_075.pdf
guj,main,76,dadra_pdfs/guj_main_076.pdf
guj,main,77,dadra_pdfs/guj_main_077.pdf
guj,main,78,dadra_pdfs/guj_main_078.pdf
guj,main,79,dadra_pdfs/guj_main_079.pdf
guj,main,80,dadra_pdfs/guj_main_080.pdf
guj,main,81,dadra_pdfs/guj_main_081.pdf
guj,main,82,dadra_pdfs/guj_main_082.pdf
guj,main,83,dadra_pdfs/guj_main_083.pdf
guj,main,84,dadra_pdfs/guj_main_084.pdf
guj,main,85,dadra_pdfs/guj_main_085.pdf
guj,main,86,dadra_pdfs/guj_main_086.pdf
guj,main,87,dadra_pdfs/guj_main_087.pdf
guj,main,88,dadra_pdfs/guj_main_088.pdf
guj,main,89,dadra_pdfs/guj_main_089.pdf
guj,main,90,dadra_pdfs/guj_main_090.pdf
guj,main,91,dadra_pdfs/guj_main_091.pdf
guj,main,92,dadra_pdfs/guj_main_092.pdf
guj,main,93,dadra_pdfs/guj_main_093.pdf
guj,main,94,dadra_pdfs/guj_main_094.pdf
guj,main,95,dadra_pdfs/guj_main_095.pdf
guj,main,96,dadra_pdfs/guj_main_096.pdf
guj,main,97,dadra_pdfs/guj_main_097.pdf
guj,main,98,dadra_pdfs/guj_main_098.pdf
guj,main,99,dadra_pdfs/guj_main_099.pdf
guj,main,100,dadra_pdfs/guj_main_100.pdf
guj,main,101,dadra_pdfs/guj_main_101.pdf
guj,main,102,dadra_pdfs/guj_main_102.pdf
guj,main,103,dadra_pdfs/guj_main_103.pdf
guj,main,104,dadra_pdfs/guj_main_104.pdf
guj,main,105,dadra_pdfs/guj_main_105.pdf
guj,main,106,dadra_pdfs/guj_main_106.pdf
guj,main,107,dadra_pdfs/guj_main_107.pdf
guj,main,108,dadra_pdfs/guj_main_108.pdf
guj,main,109,dadra_pdfs/guj_main_109.pdf
guj,main,110,dadra_pdfs/guj_main_110.pdf
guj,main,111,dadra_pdfs/guj_main_111.pdf
guj,main,112,dadra_pdfs/guj_main_112.pdf
guj,main,113,dadra_pdfs/guj_main_113.pdf
guj,main,114,dadra_pdfs/guj_main_114.pdf
guj,main,115,dadra_pdfs/guj_main_115.pdf
guj,main,116,dadra_pdfs/guj_main_116.pdf
guj,main,117,dadra_pdfs/guj_main_117.pdf
guj,main,118,dadra_pdfs/guj_main_118.pdf
guj,main,119,dadra_pdfs/guj_main_119.pdf
guj,main,120,dadra_pdfs/guj_main_120.pdf
guj,main,121,dadra_pdfs/guj_main_121.pdf
guj,main,122,dadra_pdfs/guj_main_122.pdf
guj,main,123,dadra_pdfs/guj_main_123.pdf
guj,main,124,dadra_pdfs/guj_main_124.pdf
guj,main,125,dadra_pdfs/guj_main_125.pdf
guj,main,126,dadra_pdfs/guj_main_126.pdf
guj,main,127,dadra_pdfs/guj_main_127.pdf
guj,main,128,dadra_pdfs/guj_main_128.pdf
guj,main,129,dadra_pdfs/guj_main_129.pdf
guj,main,130,dadra_pdfs/guj_main_130.pdf
guj,main,131,dadra_pdfs/guj_main_131.pdf
guj,main,132,dadra_pdfs/guj_main_132.pdf
guj,main,133,dadra_pdfs/guj_main_133.pdf
guj,main,134,dadra_pdfs/guj_main_134.pdf
guj,main,135,dadra_pdfs/guj_main_135.pdf
guj,main,136,dadra_pdfs/guj_main_136.pdf
guj,main,137,dadra_pdfs/guj_main_137.pdf
guj,main,138,dadra_pdfs/guj_main_138.pdf
guj,main,139,dadra_pdfs/guj_main_139.pdf
guj,main,140,dadra_pdfs/guj_main_140.pdf
guj,main,141,dadra_pdfs/guj_main_141.pdf
guj,main,142,dadra_pdfs/guj_main_142.pdf
guj,main,143,dadra_pdfs/guj_main_143.pdf
guj,main,144,dadra_pdfs/guj_main_144.pdf
guj,main,145,dadra_pdfs/guj_main_145.pdf
guj,main,146,dadra_pdfs/guj_main_146.pdf
guj,main,147,dadra_pdfs/guj_main_147.pdf
guj,main,148,dadra_pdfs/guj_main_148.pdf
guj,main,149,dadra_pdfs/guj_main_149.pdf
guj,main,150,dadra_pdfs/guj_main_150.pdf
guj,main,151,dadra_pdfs/guj_main_151.pdf
guj,main,152,dadra_pdfs/guj_main_152.pdf
guj,main,153,dadra_pdfs/guj_main_153.pdf
guj,main,154,dadra_pdfs/guj_main_154.pdf
guj,main,155,dadra_pdfs/guj_main_155.pdf
guj,main,156,dadra_pdfs/guj_main_156.pdf
guj,main,157,dadra_pdfs/guj_main_157.pdf
guj,main,158,dadra_pdfs/guj_main_158.pdf
guj,main,159,dadra_pdfs/guj_main_159.pdf
guj,main,160,dadra_pdfs/guj_main_160.pdf
guj,main,161,dadra_pdfs/guj_main_161.pdf
guj,main,162,dadra_pdfs/guj_main_162.pdf
guj,main,163,dadra_pdfs/guj_main_163.pdf
guj,main,164,dadra_pdfs/guj_main_164.pdf
guj,main,165,dadra_pdfs/guj_main_165.pdf
guj,main,166,dadra_pdfs/guj_main_166.pdf
guj,main,167,dadra_pdfs/guj_main_167.pdf
guj,main,168,dadra_pdfs/guj_main_168.pdf
guj,main,169,dadra_pdfs/guj_main_169.pdf
guj,main,170,dadra_pdfs/guj_main_170.pdf
guj,main,171,dadra_pdfs/guj_main_171.pdf
guj,main,172,dadra_pdfs/guj_main_172.pdf
guj,main,173,dadra_pdfs/guj_main_173.pdf
guj,main,174,dadra_pdfs/guj_main_174.pdf
guj,main,175,dadra_pdfs/guj_main_175.pdf
guj,main,176,dadra_pdfs/guj_main_176.pdf
guj,main,177,dadra_pdfs/guj_main_177.pdf
guj,main,178,dadra_pdfs/guj_main_178.pdf
guj,main,179,dadra_pdfs/guj_main_179.pdf
guj,main,180,dadra_pdfs/guj_main_180.pdf
guj,main,181,dadra_pdfs/guj_main_181.pdf
guj,main,182,dadra_pdfs/guj_main_182.pdf
guj,main,183,dadra_pdfs/guj_main_183.pdf
guj,main,184,dadra_pdfs/guj_main_184.pdf
guj,main,185,dadra_pdfs/guj_main_185.pdf
guj,main,186,dadra_pdfs/guj_main_186.pdf
guj,main,187,dadra_pdfs/guj_main_187.pdf
guj,main,188,dadra_pdfs/guj_main_188.pdf
guj,main,189,dadra_pdfs/guj_main_189.pdf
guj,main,190,dadra_pdfs/guj_main_190.pdf
guj,main,191,dadra_pdfs/guj_main_191.pdf
guj,main,192,dadra_pdfs/guj_main_192.pdf
guj,main,193,dadra_pdfs/guj_main_193.pdf
guj,main,194,dadra_pdfs/guj_main_194.pdf
guj,main,195,dadra_pdfs/guj_main_195.pdf
guj,main,196,dadra_pdfs/guj_main_196.pdf
guj,main,197,dadra_pdfs/guj_main_197.pdf
guj,main,198,dadra_pdfs/guj_main_198.pdf
guj,main,199,dadra_pdfs/guj_main_199.pdf
guj,main,200,dadra_pdfs/guj_main_200.pdf
guj,main,201,dadra_pdfs/guj_main_201.pdf
guj,main,202,dadra_pdfs/guj_main_202.pdf
guj,main,203,dadra_pdfs/guj_main_203.pdf
guj,main,204,dadra_pdfs/guj_main_204.pdf
guj,main,205,dadra_pdfs/guj_main_205.pdf
guj,main,206,dadra_pdfs/guj_main_206.pdf
guj,main,207,dadra_pdfs/guj_main_207.pdf
guj,main,208,dadra_pdfs/guj_main_208.pdf
guj,main,209,dadra_pdfs/guj_main_209.pdf
guj,main,210,dadra_pdfs/guj_main_210.pdf
guj,main,211,dadra_pdfs/guj_main_211.pdf
guj,main,212,dadra_pdfs/guj_main_212.pdf
guj,main,213,dadra_pdfs/guj_main_213.pdf
guj,main,214,dadra_pdfs/guj_main_214.pdf
guj,main,215,dadra_pdfs/guj_main_215.pdf
guj,main,216,dadra_pdfs/guj_main_216.pdf
guj,main,217,dadra_pdfs/guj_main_217.pdf
guj,main,218,dadra_pdfs/guj_main_218.pdf
guj,main,219,dadra_pdfs/guj_main_219.pdf
guj,main,220,dadra_pdfs/guj_main_220.pdf
guj,main,221,dadra_pdfs/guj_main_221.pdf
guj,main,222,dadra_pdfs/guj_main_222.pdf
guj,main,223,dadra_pdfs/guj_main_223.pdf
guj,main,224,dadra_pdfs/guj_main_224.pdf
guj,main,225,dadra_pdfs/guj_main_225.pdf
guj,main,226,dadra_pdfs/guj_main_226.pdf
guj,main,227,dadra_pdfs/guj_main_227.pdf
guj,main,228,dadra_pdfs/guj_main_228.pdf
guj,main,229,dadra_pdfs/guj_main_229.pdf
guj,main,230,dadra_pdfs/guj_main_230.pdf
guj,main,231,dadra_pdfs/guj_main_231.pdf
guj,main,232,dadra_pdfs/guj_main_232.pdf
guj,main,233,dadra_pdfs/guj_main_233.pdf
guj,main,234,dadra_pdfs/guj_main_234.pdf
guj,main,235,dadra_pdfs/guj_main_235.pdf
guj,main,236,dadra_pdfs/guj_main_236.pdf
guj,main,237,dadra_pdfs/guj_main_237.pdf
guj,main,238,dadra_pdfs/guj_main_238.pdf
guj,main,239,dadra_pdfs/guj_main_239.pdf
guj,main,240,dadra_pdfs/guj_main_240.pdf
guj,main,241,dadra_pdfs/guj_main_241.pdf
guj,main,242,dadra_pdfs/guj_main_242.pdf
guj,main,243,dadra_pdfs/guj_main_243.pdf
guj,main,244,dadra_pdfs/guj_main_244.pdf
guj,main,245,dadra_pdfs/guj_main_245.pdf
guj,main,246,dadra_pdfs/guj_main_246.pdf
guj,main,247,dadra_pdfs/guj_main_247.pdf
guj,main,248,dadra_pdfs/guj_main_248.pdf
guj,main,249,dadra_pdfs/guj_main_249.pdf
guj,main,250,dadra_pdfs/guj_main_250.pdf
guj,main,251,dadra_pdfs/guj_main_251.pdf
guj,main,252,dadra_pdfs/guj_main_252.pdf
guj,main,253,dadra_pdfs/guj_main_253.pdf
guj,main,254,dadra_pdfs/guj_main_254.pdf
guj,main,255,dadra_pdfs/guj_main_255.pdf
guj,main,256,dadra_pdfs/guj_main_256.pdf
guj,main,257,dadra_pdfs/guj_main_257.pdf
guj,main,258,dadra_pdfs/guj_main_258.pdf
guj,main,259,dadra_pdfs/guj_main_259.pdf
guj,main,260,dadra_pdfs/guj_main_260.pdf
guj,main,261,dadra_pdfs/guj_main_261.pdf
guj,main,262,dadra_pdfs/guj_main_262.pdf
guj,main,263,dadra_pdfs/guj_main_263.pdf
guj,main,264,dadra_pdfs/guj_main_264.pdf
guj,main,265,dadra_pdfs/guj_main_265.pdf
guj,main,266,dadra_pdfs/guj_main_266.pdf
guj,supp,1,dadra_pdfs/guj_supp_001.pdf
guj,supp,2,dadra_pdfs/guj_supp_002.pdf
guj,supp,3,dadra_pdfs/guj_supp_003.pdf
guj,supp,4,dadra_pdfs/guj_supp_004.pdf
guj,supp,5,dadra_pdfs/guj_supp_005.pdf
guj,supp,6,dadra_pdfs/guj_supp_006.pdf
guj,supp,7,dadra_pdfs/guj_supp_007.pdf
guj,supp,8,dadra_pdfs/guj_supp_008.pdf
guj,supp,9,dadra_pdfs/guj_supp_009.pdf
guj,supp,10,dadra_pdfs/guj_supp_010.pdf
guj,supp,11,dadra_pdfs/guj_supp_011.pdf
guj,supp,12,dadra_pdfs/guj_supp_012.pdf
guj,supp,13,dadra_pdfs/guj_supp_013.pdf
guj,supp,14,dadra_pdfs/guj_supp_014.pdf
guj,supp,15,dadra_pdfs/guj_supp_015.pdf
guj,supp,16,dadra_pdfs/guj_supp_016.pdf
guj,supp,17,dadra_pdfs/guj_supp_017.pdf
guj,supp,18,dadra_pdfs/guj_supp_018.pdf
guj,supp,19,dadra_pdfs/guj_supp_019.pdf
guj,supp,20,dadra_pdfs/guj_supp_020.pdf
guj,supp,21,dadra_pdfs/guj_supp_021.pdf
guj,supp,22,dadra_pdfs/guj_supp_022.pdf
guj,supp,23,dadra_pdfs/guj_supp_023.pdf
guj,supp,24,dadra_pdfs/guj_supp_024.pdf
guj,supp,25,dadra_pdfs/guj_supp_025.pdf
guj,supp,26,dadra_pdfs/guj_supp_026.pdf
guj,supp,27,dadra_pdfs/guj_supp_027.pdf
guj,supp,28,dadra_pdfs/guj_supp_028.pdf
guj,supp,29,dadra_pdfs/guj_supp_029.pdf
guj,supp,30,dadra_pdfs/guj_supp_030.pdf
guj,supp,31,dadra_pdfs/guj_supp_031.pdf
guj,supp,32,dadra_pdfs/guj_supp_032.pdf
guj,supp,33,dadra_pdfs/guj_supp_033.pdf
guj,supp,34,dadra_pdfs/guj_supp_034.pdf
guj,supp,35,dadra_pdfs/guj_supp_035.pdf
guj,supp,36,dadra_pdfs/guj_supp_036.pdf
guj,supp,37,dadra_pdfs/guj_supp_037.pdf
guj,supp,38,dadra_pdfs/guj_supp_038.pdf
guj,supp,39,dadra_pdfs/guj_supp_039.pdf
guj,supp,40,dadra_pdfs/guj_supp_040.pdf
guj,supp,41,dadra_pdfs/guj_supp_041.pdf
guj,supp,42,dadra_pdfs/guj_supp_042.pdf
guj,supp,43,dadra_pdfs/guj_supp_043.pdf
guj,supp,44,dadra_pdfs/guj_supp_044.pdf
guj,supp,45,dadra_pdfs/guj_supp_045.pdf
guj,supp,46,dadra_pdfs/guj_supp_046.pdf
guj,supp,47,dadra_pdfs/guj_supp_047.pdf
guj,supp,48,dadra_pdfs/guj_supp_048.pdf
guj,supp,49,dadra_pdfs/guj_supp_049.pdf
guj,supp,50,dadra_pdfs/guj_supp_050.pdf
guj,supp,51,dadra_pdfs/guj_supp_051.pdf
guj,supp,52,dadra_pdfs/guj_supp_052.pdf
guj,supp,53,dadra_pdfs/guj_supp_053.pdf
guj,supp,54,dadra_pdfs/guj_supp_054.pdf
guj,supp,55,dadra_pdfs/guj_supp_055.pdf
guj,supp,56,dadra_pdfs/guj_supp_056.pdf
guj,supp,57,dadra_pdfs/guj_supp_057.pdf
guj,supp,58,dadra_pdfs/guj_supp_058.pdf
guj,supp,59,dadra_pdfs/guj_supp_059.pdf
guj,supp,60,dadra_pdfs/guj_supp_060.pdf
guj,supp,61,dadra_pdfs/guj_supp_061.pdf
guj,supp,62,dadra_pdfs/guj_supp_062.pdf
guj,supp,63,dadra_pdfs/guj_supp_063.pdf
guj,supp,64,dadra_pdfs/guj_supp_064.pdf
guj,supp,65,dadra_pdfs/guj_supp_065.pdf
guj,supp,66,dadra_pdfs/guj_supp_066.pdf
guj,supp,67,dadra_pdfs/guj_supp_067.pdf
guj,supp,68,dadra_pdfs/guj_supp_068.pdf
guj,supp,69,dadra_pdfs/guj_supp_069.pdf
guj,supp,70,dadra_pdfs/guj_supp_070.pdf
guj,supp,71,dadra_pdfs/guj_supp_071.pdf
guj,supp,72,dadra_pdfs/guj_supp_072.pdf
guj,supp,73,dadra_pdfs/guj_supp_073.pdf
guj,supp,74,dadra_pdfs/guj_supp_074.pdf
guj,supp,75,dadra_pdfs/guj_supp_075.pdf
guj,supp,76,dadra_pdfs/guj_supp_076.pdf
guj,supp,77,dadra_pdfs/guj_supp_077.pdf
guj,supp,78,dadra_pdfs/guj_supp_078.pdf
guj,supp,79,dadra_pdfs/guj_supp_079.pdf
guj,supp,80,dadra_pdfs/guj_supp_080.pdf
guj,supp,81,dadra_pdfs/guj_supp_081.pdf
guj,supp,82,dadra_pdfs/guj_supp_082.pdf
guj,supp,83,dadra_pdfs/guj_supp_083.pdf
guj,supp,84,dadra_pdfs/guj_supp_084.pdf
guj,supp,85,dadra_pdfs/guj_supp_085.pdf
guj,supp,86,dadra_pdfs/guj_supp_086.pdf
guj,supp,87,dadra_pdfs/guj_supp_087.pdf
guj,supp,88,dadra_pdfs/guj_supp_088.pdf
guj,supp,89,dadra_pdfs/guj_supp_089.pdf
guj,supp,90,dadra_pdfs/guj_supp_090.pdf
guj,supp,91,dadra_pdfs/guj_supp_091.pdf
guj,supp,92,dadra_pdfs/guj_supp_092.pdf
guj,supp,93,dadra_pdfs/guj_supp_093.pdf
guj,supp,94,dadra_pdfs/guj_supp_094.pdf
guj,supp,95,dadra_pdfs/guj_supp_095.pdf
guj,supp,96,dadra_pdfs/guj_supp_096.pdf
guj,supp,97,dadra_pdfs/guj_supp_097.pdf
guj,supp,98,dadra_pdfs/guj_supp_098.pdf
guj,supp,99,dadra_pdfs/guj_supp_099.pdf
guj,supp,100,dadra_pdfs/guj_supp_100.pdf
guj,supp,101,dadra_pdfs/guj_supp_101.pdf
guj,supp,102,dadra_pdfs/guj_supp_102.pdf
guj,supp,103,dadra_pdfs/guj_supp_103.pdf
guj,supp,104,dadra_pdfs/guj_supp_104.pdf
guj,supp,105,dadra_pdfs/guj_supp_105.pdf
guj,supp,106,dadra_pdfs/guj_supp_106.pdf
guj,supp,107,dadra_pdfs/guj_supp_107.pdf
guj,supp,108,dadra_pdfs/guj_supp_108.pdf
guj,supp,109,dadra_pdfs/guj_supp_109.pdf
guj,supp,110,dadra_pdfs/guj_supp_110.pdf
guj,supp,111,dadra_pdfs/guj_supp_111.pdf
guj,supp,112,dadra_pdfs/guj_supp_112.pdf
guj,supp,113,dadra_pdfs/guj_supp_113.pdf
guj,supp,114,dadra_pdfs/guj_supp_114.pdf
guj,supp,115,dadra_pdfs/guj_supp_115.pdf
guj,supp,116,dadra_pdfs/guj_supp_116.pdf
guj,supp,117,dadra_pdfs/guj_supp_117.pdf
guj,supp,118,dadra_pdfs/guj_supp_118.pdf
guj,supp,119,dadra_pdfs/guj_supp_119.pdf
guj,supp,120,dadra_pdfs/guj_supp_120.pdf
guj,supp,121,dadra_pdfs/guj_supp_121.pdf
guj,supp,122,dadra_pdfs/guj_supp_122.pdf
guj,supp,123,dadra_pdfs/guj_supp_123.pdf
guj,supp,124,dadra_pdfs/guj_supp_124.pdf
guj,supp,125,dadra_pdfs/guj_supp_125.pdf
guj,supp,126,dadra_pdfs/guj_supp_126.pdf
guj,supp,127,dadra_pdfs/guj_supp_127.pdf
guj,supp,128,dadra_pdfs/guj_supp_128.pdf
guj,supp,129,dadra_pdfs/guj_supp_129.pdf
guj,supp,130,dadra_pdfs/guj_supp_130.pdf
guj,supp,131,dadra_pdfs/guj_supp_131.pdf
guj,supp,132,dadra_pdfs/guj_supp_132.pdf
guj,supp,133,dadra_pdfs/guj_supp_133.pdf
guj,supp,134,dadra_pdfs/guj_supp_134.pdf
guj,supp,135,dadra_pdfs/guj_supp_135.pdf
guj,supp,136,dadra_pdfs/guj_supp_136.pdf
guj,supp,137,dadra_pdfs/guj_supp_137.pdf
guj,supp,138,dadra_pdfs/guj_supp_138.pdf
guj,supp,139,dadra_pdfs/guj_supp_139.pdf
guj,supp,140,dadra_pdfs/guj_supp_140.pdf
guj,supp,141,dadra_pdfs/guj_supp_141.pdf
guj,supp,142,dadra_pdfs/guj_supp_142.pdf
guj,supp,143,dadra_pdfs/guj_supp_143.pdf
guj,supp,144,dadra_pdfs/guj_supp_144.pdf
guj,supp,145,dadra_pdfs/guj_supp_145.pdf
guj,supp,146,dadra_pdfs/guj_supp_146.pdf
guj,supp,147,dadra_pdfs/guj_supp_147.pdf
guj,supp,148,dadra_pdfs/guj_supp_148.pdf
guj,supp,149,dadra_pdfs/guj_supp_149.pdf
guj,supp,150,dadra_pdfs/guj_supp_150.pdf
guj,supp,151,dadra_pdfs/guj_supp_151.pdf
guj,supp,152,dadra_pdfs/guj_supp_152.pdf
guj,supp,153,dadra_pdfs/guj_supp_153.pdf
guj,supp,154,dadra_pdfs/guj_supp_154.pdf
guj,supp,155,dadra_pdfs/guj_supp_155.pdf
guj,supp,156,dadra_pdfs/guj_supp_156.pdf
guj,supp,157,dadra_pdfs/guj_supp_157.pdf
guj,supp,158,dadra_pdfs/guj_supp_158.pdf
guj,supp,159,dadra_pdfs/guj_supp_159.pdf
guj,supp,160,dadra_pdfs/guj_supp_160.pdf
guj,supp,161,dadra_pdfs/guj_supp_161.pdf
guj,supp,162,dadra_pdfs/guj_supp_162.pdf
guj,supp,163,dadra_pdfs/guj_supp_163.pdf
guj,supp,164,dadra_pdfs/guj_supp_164.pdf
guj,supp,165,dadra_pdfs/guj_supp_165.pdf
guj,supp,166,dadra_pdfs/guj_supp_166.pdf
guj,supp,167,dadra_pdfs/guj_supp_167.pdf
guj,supp,168,dadra_pdfs/guj_supp_168.pdf
guj,supp,169,dadra_pdfs/guj_supp_169.pdf
guj,supp,170,dadra_pdfs/guj_supp_170.pdf
guj,supp,171,dadra_pdfs/guj_supp_171.pdf
guj,supp,172,dadra_pdfs/guj_supp_172.pdf
guj,supp,173,dadra_pdfs/guj_supp_173.pdf
guj,supp,174,dadra_pdfs/guj_supp_174.pdf
guj,supp,175,dadra_pdfs/guj_supp_175.pdf
guj,supp,176,dadra_pdfs/guj_supp_176.pdf
guj,supp,177,dadra_pdfs/guj_supp_177.pdf
guj,supp,178,dadra_pdfs/guj_supp_178.pdf
guj,supp,179,dadra_pdfs/guj_supp_179.pdf
guj,supp,180,dadra_pdfs/guj_supp_180.pdf
guj,supp,181,dadra_pdfs/guj_supp_181.pdf
guj,supp,182,dadra_pdfs/guj_supp_182.pdf
guj,supp,183,dadra_pdfs/guj_supp_183.pdf
guj,supp,184,dadra_pdfs/guj_supp_184.pdf
guj,supp,185,dadra_pdfs/guj_supp_185.pdf
guj,supp,186,dadra_pdfs/guj_supp_186.pdf
guj,supp,187,dadra_pdfs/guj_supp_187.pdf
guj,supp,188,dadra_pdfs/guj_supp_188.pdf
guj,supp,189,dadra_pdfs/guj_supp_189.pdf
guj,supp,190,dadra_pdfs/guj_supp_190.pdf
guj,supp,191,dadra_pdfs/guj_supp_191.pdf
guj,supp,192,dadra_pdfs/guj_supp_192.pdf
guj,supp,193,dadra_pdfs/guj_supp_193.pdf
guj,supp,194,dadra_pdfs/guj_supp_194.pdf
guj,supp,195,dadra_pdfs/guj_supp_195.pdf
guj,supp,196,dadra_pdfs/guj_supp_196.pdf
guj,supp,197,dadra_pdfs/guj_supp_197.pdf
guj,supp,198,dadra_pdfs/guj_supp_198.pdf
guj,supp,199,dadra_pdfs/guj_supp_199.pdf
guj,supp,200,dadra_pdfs/guj_supp_200.pdf
guj,supp,201,dadra_pdfs/guj_supp_201.pdf
guj,supp,202,dadra_pdfs/guj_supp_202.pdf
guj,supp,203,dadra_pdfs/guj_supp_203.pdf
guj,supp,204,dadra_pdfs/guj_supp_204.pdf
guj,supp,205,dadra_pdfs/guj_supp_205.pdf
guj,supp,206,dadra_pdfs/guj_supp_206.pdf
guj,supp,207,dadra_pdfs/guj_supp_207.pdf
guj,supp,208,dadra_pdfs/guj_supp_208.pdf
guj,supp,209,dadra_pdfs/guj_supp_209.pdf
guj,supp,210,dadra_pdfs/guj_supp_210.pdf
guj,supp,211,dadra_pdfs/guj_supp_211.pdf
guj,supp,212,dadra_pdfs/guj_supp_212.pdf
guj,supp,213,dadra_pdfs/guj_supp_213.pdf
guj,supp,214,dadra_pdfs/guj_supp_214.pdf
guj,supp,215,dadra_pdfs/guj_supp_215.pdf
guj,supp,216,dadra_pdfs/guj_supp_216.pdf
guj,supp,217,dadra_pdfs/guj_supp_217.pdf
guj,supp,218,dadra_pdfs/guj_supp_218.pdf
guj,supp,219,dadra_pdfs/guj_supp_219.pdf
guj,supp,220,dadra_pdfs/guj_supp_220.pdf
guj,supp,221,dadra_pdfs/guj_supp_221.pdf
guj,supp,222,dadra_pdfs/guj_supp_222.pdf
guj,supp,223,dadra_pdfs/guj_supp_223.pdf
guj,supp,224,dadra_pdfs/guj_supp_224.pdf
guj,supp,225,dadra_pdfs/guj_supp_225.pdf
guj,supp,226,dadra_pdfs/guj_supp_226.pdf
guj,supp,227,dadra_pdfs/guj_supp_227.pdf
guj,supp,228,dadra_pdfs/guj_supp_228.pdf
guj,supp,229,dadra_pdfs/guj_supp_229.pdf
guj,supp,230,dadra_pdfs/guj_supp_230.pdf
guj,supp,231,dadra_pdfs/guj_supp_231.pdf
guj,supp,232,dadra_pdfs/guj_supp_232.pdf
guj,supp,233,dadra_pdfs/guj_supp_233.pdf
guj,supp,234,dadra_pdfs/guj_supp_234.pdf
guj,supp,235,dadra_pdfs/guj_supp_235.pdf
guj,supp,236,dadra_pdfs/guj_supp_236.pdf
guj,supp,237,dadra_pdfs/guj_supp_237.pdf
guj,supp,238,dadra_pdfs/guj_supp_238.pdf
guj,supp,239,dadra_pdfs/guj_supp_239.pdf
guj,supp,240,dadra_pdfs/guj_supp_240.pdf
guj,supp,241,dadra_pdfs/guj_supp_241.pdf
guj,supp,242,dadra_pdfs/guj_supp_242.pdf
guj,supp,243,dadra_pdfs/guj_supp_243.pdf
guj,supp,244,dadra_pdfs/guj_supp_244.pdf
guj,supp,245,dadra_pdfs/guj_supp_245.pdf
guj,supp,246,dadra_pdfs/guj_supp_246.pdf
guj,supp,247,dadra_pdfs/guj_supp_247.pdf
guj,supp,248,dadra_pdfs/guj_supp_248.pdf
guj,supp,249,dadra_pdfs/guj_supp_249.pdf
guj,supp,250,dadra_pdfs/guj_supp_250.pdf
guj,supp,251,dadra_pdfs/guj_supp_251.pdf
guj,supp,252,dadra_pdfs/guj_supp_252.pdf
guj,supp,253,dadra_pdfs/guj_supp_253.pdf
guj,supp,254,dadra_pdfs/guj_supp_254.pdf
guj,supp,255,dadra_pdfs/guj_supp_255.pdf
guj,supp,256,dadra_pdfs/guj_supp_256.pdf
guj,supp,257,dadra_pdfs/guj_supp_257.pdf
guj,supp,258,dadra_pdfs/guj_supp_258.pdf
guj,supp,259,dadra_pdfs/guj_supp_259.pdf
guj,supp,260,dadra_pdfs/guj_supp_260.pdf
guj,supp,261,dadra_pdfs/guj_supp_261.pdf
guj,supp,262,dadra_pdfs/guj_supp_262.pdf
guj,supp,263,dadra_pdfs/guj_supp_263.pdf
guj,supp,264,dadra_pdfs/guj_supp_264.pdf
guj,supp,265,dadra_pdfs/guj_supp_265.pdf
guj,supp,266,dadra_pdfs/guj_supp_266.pdf
eng,main,1,dadra_pdfs/eng_main_001.pdf
eng,main,2,dadra_pdfs/eng_main_002.pdf
eng,main,3,dadra_pdfs/eng_main_003.pdf
eng,main,4,dadra_pdfs/eng_main_004.pdf
eng,main,5,dadra_pdfs/eng_main_005.pdf
eng,main,6,dadra_pdfs/eng_main_006.pdf
eng,main,7,dadra_pdfs/eng_main_007.pdf
eng,main,8,dadra_pdfs/eng_main_008.pdf
eng,main,9,dadra_pdfs/eng_main_009.pdf
eng,main,10,dadra_pdfs/eng_main_010.pdf
eng,main,11,dadra_pdfs/eng_main_011.pdf
eng,main,12,dadra_pdfs/eng_main_012.pdf
eng,main,13,dadra_pdfs/eng_main_013.pdf
eng,main,14,dadra_pdfs/eng_main_014.pdf
eng,main,15,dadra_pdfs/eng_main_015.pdf
eng,main,16,dadra_pdfs/eng_main_016.pdf
eng,main,17,dadra_pdfs/eng_main_017.pdf
eng,main,18,dadra_pdfs/eng_main_018.pdf
eng,main,19,dadra_pdfs/eng_main_019.pdf
eng,main,20,dadra_pdfs/eng_main_020.pdf
eng,main,21,dadra_pdfs/eng_main_021.pdf
eng,main,22,dadra_pdfs/eng_main_022.pdf
eng,main,23,dadra_pdfs/eng_main_023.pdf
eng,main,24,dadra_pdfs/eng_main_024.pdf
eng,main,25,dadra_pdfs/eng_main_025.pdf
eng,main,26,dadra_pdfs/eng_main_026.pdf
eng,main,27,dadra_pdfs/eng_main_027.pdf
eng,main,28,dadra_pdfs/eng_main_028.pdf
eng,main,29,dadra_pdfs/eng_main_029.pdf
eng,main,30,dadra_pdfs/eng_main_030.pdf
eng,main,31,dadra_pdfs/eng_main_031.pdf
eng,main,32,dadra_pdfs/eng_main_032.pdf
eng,main,33,dadra_pdfs/eng_main_033.pdf
eng,main,34,dadra_pdfs/eng_main_034.pdf
eng,main,35,dadra_pdfs/eng_main_035.pdf
eng,main,36,dadra_pdfs/eng_main_036.pdf
eng,main,37,dadra_pdfs/eng_main_037.pdf
eng,main,38,dadra_pdfs/eng_main_038.pdf
eng,main,39,dadra_pdfs/eng_main_039.pdf
eng,main,40,dadra_pdfs/eng_main_040.pdf
eng,main,41,dadra_pdfs/eng_main_041.pdf
eng,main,42,dadra_pdfs/eng_main_042.pdf
eng,main,43,dadra_pdfs/eng_main_043.pdf
eng,main,44,dadra_pdfs/eng_main_044.pdf
eng,main,45,dadra_pdfs/eng_main_045.pdf
eng,main,46,dadra_pdfs/eng_main_046.pdf
eng,main,47,dadra_pdfs/eng_main_047.pdf
eng,main,48,dadra_pdfs/eng_main_048.pdf
eng,main,49,dadra_pdfs/eng_main_049.pdf
eng,main,50,dadra_pdfs/eng_main_050.pdf
eng,main,51,dadra_pdfs/eng_main_051.pdf
eng,main,52,dadra_pdfs/eng_main_052.pdf
eng,main,53,dadra_pdfs/eng_main_053.pdf
eng,main,54,dadra_pdfs/eng_main_054.pdf
eng,main,55,dadra_pdfs/eng_main_055.pdf
eng,main,56,dadra_pdfs/eng_main_056.pdf
eng,main,57,dadra_pdfs/eng_main_057.pdf
eng,main,58,dadra_pdfs/eng_main_058.pdf
eng,main,59,dadra_pdfs/eng_main_059.pdf
eng,main,60,dadra_pdfs/eng_main_060.pdf
eng,main,61,dadra_pdfs/eng_main_061.pdf
eng,main,62,dadra_pdfs/eng_main_062.pdf
eng,main,63,dadra_pdfs/eng_main_063.pdf
eng,main,64,dadra_pdfs/eng_main_064.pdf
eng,main,65,dadra_pdfs/eng_main_065.pdf
eng,main,66,dadra_pdfs/eng_main_066.pdf
eng,main,67,dadra_pdfs/eng_main_067.pdf
eng,main,68,dadra_pdfs/eng_main_068.pdf
eng,main,69,dadra_pdfs/eng_main_069.pdf
eng,main,70,dadra_pdfs/eng_main_070.pdf
eng,main,71,dadra_pdfs/eng_main_071.pdf
eng,main,72,dadra_pdfs/eng_main_072.pdf
eng,main,73,dadra_pdfs/eng_main_073.pdf
eng,main,74,dadra_pdfs/eng_main_074.pdf
eng,main,75,dadra_pdfs/eng_main_075.pdf
eng,main,76,dadra_pdfs/eng_main_076.pdf
eng,main,77,dadra_pdfs/eng_main_077.pdf
eng,main,78,dadra_pdfs/eng_main_078.pdf
eng,main,79,dadra_pdfs/eng_main_079.pdf
eng,main,80,dadra_pdfs/eng_main_080.pdf
eng,main,81,dadra_pdfs/eng_main_081.pdf
eng,main,82,dadra_pdfs/eng_main_082.pdf
eng,main,83,dadra_pdfs/eng_main_083.pdf
eng,main,84,dadra_pdfs/eng_main_084.pdf
eng,main,85,dadra_pdfs/eng_main_085.pdf
eng,main,86,dadra_pdfs/eng_main_086.pdf
eng,main,87,dadra_pdfs/eng_main_087.pdf
eng,main,88,dadra_pdfs/eng_main_088.pdf
eng,main,89,dadra_pdfs/eng_main_089.pdf
eng,main,90,dadra_pdfs/eng_main_090.pdf
eng,main,91,dadra_pdfs/eng_main_091.pdf
eng,main,92,dadra_pdfs/eng_main_092.pdf
eng,main,93,dadra_pdfs/eng_main_093.pdf
eng,main,94,dadra_pdfs/eng_main_094.pdf
eng,main,95,dadra_pdfs/eng_main_095.pdf
eng,main,96,dadra_pdfs/eng_main_096.pdf
eng,main,97,dadra_pdfs/eng_main_097.pdf
eng,main,98,dadra_pdfs/eng_main_098.pdf
eng,main,99,dadra_pdfs/eng_main_099.pdf
eng,main,100,dadra_pdfs/eng_main_100.pdf
eng,main,101,dadra_pdfs/eng_main_101.pdf
eng,main,102,dadra_pdfs/eng_main_102.pdf
eng,main,103,dadra_pdfs/eng_main_103.pdf
eng,main,104,dadra_pdfs/eng_main_104.pdf
eng,main,105,dadra_pdfs/eng_main_105.pdf
eng,main,106,dadra_pdfs/eng_main_106.pdf
eng,main,107,dadra_pdfs/eng_main_107.pdf
eng,main,108,dadra_pdfs/eng_main_108.pdf
eng,main,109,dadra_pdfs/eng_main_109.pdf
eng,main,110,dadra_pdfs/eng_main_110.pdf
eng,main,111,dadra_pdfs/eng_main_111.pdf
eng,main,112,dadra_pdfs/eng_main_112.pdf
eng,main,113,dadra_pdfs/eng_main_113.pdf
eng,main,114,dadra_pdfs/eng_main_114.pdf
eng,main,115,dadra_pdfs/eng_main_115.pdf
eng,main,116,dadra_pdfs/eng_main_116.pdf
eng,main,117,dadra_pdfs/eng_main_117.pdf
eng,main,118,dadra_pdfs/eng_main_118.pdf
eng,main,119,dadra_pdfs/eng_main_119.pdf
eng,main,120,dadra_pdfs/eng_main_120.pdf
eng,main,121,dadra_pdfs/eng_main_121.pdf
eng,main,122,dadra_pdfs/eng_main_122.pdf
eng,main,123,dadra_pdfs/eng_main_123.pdf
eng,main,124,dadra_pdfs/eng_main_124.pdf
eng,main,125,dadra_pdfs/eng_main_125.pdf
eng,main,126,dadra_pdfs/eng_main_126.pdf
eng,main,127,dadra_pdfs/eng_main_127.pdf
eng,main,128,dadra_pdfs/eng_main_128.pdf
eng,main,129,dadra_pdfs/eng_main_129.pdf
eng,main,130,dadra_pdfs/eng_main_130.pdf
eng,main,131,dadra_pdfs/eng_main_131.pdf
eng,main,132,dadra_pdfs/eng_main_132.pdf
eng,main,133,dadra_pdfs/eng_main_133.pdf
eng,main,134,dadra_pdfs/eng_main_134.pdf
eng,main,135,dadra_pdfs/eng_main_135.pdf
eng,main,136,dadra_pdfs/eng_main_136.pdf
eng,main,137,dadra_pdfs/eng_main_137.pdf
eng,main,138,dadra_pdfs/eng_main_138.pdf
eng,main,139,dadra_pdfs/eng_main_139.pdf
eng,main,140,dadra_pdfs/eng_main_140.pdf
eng,main,141,dadra_pdfs/eng_main_141.pdf
eng,main,142,dadra_pdfs/eng_main_142.pdf
eng,main,143,dadra_pdfs/eng_main_143.pdf
eng,main,144,dadra_pdfs/eng_main_144.pdf
eng,main,145,dadra_pdfs/eng_main_145.pdf
eng,main,146,dadra_pdfs/eng_main_146.pdf
eng,main,147,dadra_pdfs/eng_main_147.pdf
eng,main,148,dadra_pdfs/eng_main_148.pdf
eng,main,149,dadra_pdfs/eng_main_149.pdf
eng,main,150,dadra_pdfs/eng_main_150.pdf
eng,main,151,dadra_pdfs/eng_main_151.pdf
eng,main,152,dadra_pdfs/eng_main_152.pdf
eng,main,153,dadra_pdfs/eng_main_153.pdf
eng,main,154,dadra_pdfs/eng_main_154.pdf
eng,main,155,dadra_pdfs/eng_main_155.pdf
eng,main,156,dadra_pdfs/eng_main_156.pdf
eng,main,157,dadra_pdfs/eng_main_157.pdf
eng,main,158,dadra_pdfs/eng_main_158.pdf
eng,main,159,dadra_pdfs/eng_main_159.pdf
eng,main,160,dadra_pdfs/eng_main_160.pdf
eng,main,161,dadra_pdfs/eng_main_161.pdf
eng,main,162,dadra_pdfs/eng_main_162.pdf
eng,main,163,dadra_pdfs/eng_main_163.pdf
eng,main,164,dadra_pdfs/eng_main_164.pdf
eng,main,165,dadra_pdfs/eng_main_165.pdf
eng,main,166,dadra_pdfs/eng_main_166.pdf
eng,main,167,dadra_pdfs/eng_main_167.pdf
eng,main,168,dadra_pdfs/eng_main_168.pdf
eng,main,169,dadra_pdfs/eng_main_169.pdf
eng,main,170,dadra_pdfs/eng_main_170.pdf
eng,main,171,dadra_pdfs/eng_main_171.pdf
eng,main,172,dadra_pdfs/eng_main_172.pdf
eng,main,173,dadra_pdfs/eng_main_173.pdf
eng,main,174,dadra_pdfs/eng_main_174.pdf
eng,main,175,dadra_pdfs/eng_main_175.pdf
eng,main,176,dadra_pdfs/eng_main_176.pdf
eng,main,177,dadra_pdfs/eng_main_177.pdf
eng,main,178,dadra_pdfs/eng_main_178.pdf
eng,main,179,dadra_pdfs/eng_main_179.pdf
eng,main,180,dadra_pdfs/eng_main_180.pdf
eng,main,181,dadra_pdfs/eng_main_181.pdf
eng,main,182,dadra_pdfs/eng_main_182.pdf
eng,main,183,dadra_pdfs/eng_main_183.pdf
eng,main,184,dadra_pdfs/eng_main_184.pdf
eng,main,185,dadra_pdfs/eng_main_185.pdf
eng,main,186,dadra_pdfs/eng_main_186.pdf
eng,main,187,dadra_pdfs/eng_main_187.pdf
eng,main,188,dadra_pdfs/eng_main_188.pdf
eng,main,189,dadra_pdfs/eng_main_189.pdf
eng,main,190,dadra_pdfs/eng_main_190.pdf
eng,main,191,dadra_pdfs/eng_main_191.pdf
eng,main,192,dadra_pdfs/eng_main_192.pdf
eng,main,193,dadra_pdfs/eng_main_193.pdf
eng,main,194,dadra_pdfs/eng_main_194.pdf
eng,main,195,dadra_pdfs/eng_main_195.pdf
eng,main,196,dadra_pdfs/eng_main_196.pdf
eng,main,197,dadra_pdfs/eng_main_197.pdf
eng,main,198,dadra_pdfs/eng_main_198.pdf
eng,main,199,dadra_pdfs/eng_main_199.pdf
eng,main,200,dadra_pdfs/eng_main_200.pdf
eng,main,201,dadra_pdfs/eng_main_201.pdf
eng,main,202,dadra_pdfs/eng_main_202.pdf
eng,main,203,dadra_pdfs/eng_main_203.pdf
eng,main,204,dadra_pdfs/eng_main_204.pdf
eng,main,205,dadra_pdfs/eng_main_205.pdf
eng,main,206,dadra_pdfs/eng_main_206.pdf
eng,main,207,dadra_pdfs/eng_main_207.pdf
eng,main,208,dadra_pdfs/eng_main_208.pdf
eng,main,209,dadra_pdfs/eng_main_209.pdf
eng,main,210,dadra_pdfs/eng_main_210.pdf
eng,main,211,dadra_pdfs/eng_main_211.pdf
eng,main,212,dadra_pdfs/eng_main_212.pdf
eng,main,213,dadra_pdfs/eng_main_213.pdf
eng,main,214,dadra_pdfs/eng_main_214.pdf
eng,main,215,dadra_pdfs/eng_main_215.pdf
eng,main,216,dadra_pdfs/eng_main_216.pdf
eng,main,217,dadra_pdfs/eng_main_217.pdf
eng,main,218,dadra_pdfs/eng_main_218.pdf
eng,main,219,dadra_pdfs/eng_main_219.pdf
eng,main,220,dadra_pdfs/eng_main_220.pdf
eng,main,221,dadra_pdfs/eng_main_221.pdf
eng,main,222,dadra_pdfs/eng_main_222.pdf
eng,main,223,dadra_pdfs/eng_main_223.pdf
eng,main,224,dadra_pdfs/eng_main_224.pdf
eng,main,225,dadra_pdfs/eng_main_225.pdf
eng,main,226,dadra_pdfs/eng_main_226.pdf
eng,main,227,dadra_pdfs/eng_main_227.pdf
eng,main,228,dadra_pdfs/eng_main_228.pdf
eng,main,229,dadra_pdfs/eng_main_229.pdf
eng,main,230,dadra_pdfs/eng_main_230.pdf
eng,main,231,dadra_pdfs/eng_main_231.pdf
eng,main,232,dadra_pdfs/eng_main_232.pdf
eng,main,233,dadra_pdfs/eng_main_233.pdf
eng,main,234,dadra_pdfs/eng_main_234.pdf
eng,main,235,dadra_pdfs/eng_main_235.pdf
eng,main,236,dadra_pdfs/eng_main_236.pdf
eng,main,237,dadra_pdfs/eng_main_237.pdf
eng,main,238,dadra_pdfs/eng_main_238.pdf
eng,main,239,dadra_pdfs/eng_main_239.pdf
eng,main,240,dadra_pdfs/eng_main_240.pdf
eng,main,241,dadra_pdfs/eng_main_241.pdf
eng,main,242,dadra_pdfs/eng_main_242.pdf
eng,main,243,dadra_pdfs/eng_main_243.pdf
eng,main,244,dadra_pdfs/eng_main_244.pdf
eng,main,245,dadra_pdfs/eng_main_245.pdf
eng,main,246,dadra_pdfs/eng_main_246.pdf
eng,main,247,dadra_pdfs/eng_main_247.pdf
eng,main,248,dadra_pdfs/eng_main_248.pdf
eng,main,249,dadra_pdfs/eng_main_249.pdf
eng,main,250,dadra_pdfs/eng_main_250.pdf
eng,main,251,dadra_pdfs/eng_main_251.pdf
eng,main,252,dadra_pdfs/eng_main_252.pdf
eng,main,253,dadra_pdfs/eng_main_253.pdf
eng,main,254,dadra_pdfs/eng_main_254.pdf
eng,main,255,dadra_pdfs/eng_main_255.pdf
eng,main,256,dadra_pdfs/eng_main_256.pdf
eng,main,257,dadra_pdfs/eng_main_257.pdf
eng,main,258,dadra_pdfs/eng_main_258.pdf
eng,main,259,dadra_pdfs/eng_main_259.pdf
eng,main,260,dadra_pdfs/eng_main_260.pdf
eng,main,261,dadra_pdfs/eng_main_261.pdf
eng,main,262,dadra_pdfs/eng_main_262.pdf
eng,main,263,dadra_pdfs/eng_main_263.pdf
eng,main,264,dadra_pdfs/eng_main_264.pdf
eng,main,265,dadra_pdfs/eng_main_265.pdf
eng,main,266,dadra_pdfs/eng_main_266.pdf
eng,supp,1,dadra_pdfs/eng_supp_001.pdf
eng,supp,2,dadra_pdfs/eng_supp_002.pdf
eng,supp,3,dadra_pdfs/eng_supp_003.pdf
eng,supp,4,dadra_pdfs/eng_supp_004.pdf
eng,supp,5,dadra_pdfs/eng_supp_005.pdf
eng,supp,6,dadra_pdfs/eng_supp_006.pdf
eng,supp,7,dadra_pdfs/eng_supp_007.pdf
eng,supp,8,dadra_pdfs/eng_supp_008.pdf
eng,supp,9,dadra_pdfs/eng_supp_009.pdf
eng,supp,10,dadra_pdfs/eng_supp_010.pdf
eng,supp,11,dadra_pdfs/eng_supp_011.pdf
eng,supp,12,dadra_pdfs/eng_supp_012.pdf
eng,supp,13,dadra_pdfs/eng_supp_013.pdf
eng,supp,14,dadra_pdfs/eng_supp_014.pdf
eng,supp,15,dadra_pdfs/eng_supp_015.pdf
eng,supp,16,dadra_pdfs/eng_supp_016.pdf
eng,supp,17,dadra_pdfs/eng_supp_017.pdf
eng,supp,18,dadra_pdfs/eng_supp_018.pdf
eng,supp,19,dadra_pdfs/eng_supp_019.pdf
eng,supp,20,dadra_pdfs/eng_supp_020.pdf
eng,supp,21,dadra_pdfs/eng_supp_021.pdf
eng,supp,22,dadra_pdfs/eng_supp_022.pdf
eng,supp,23,dadra_pdfs/eng_supp_023.pdf
eng,supp,24,dadra_pdfs/eng_supp_024.pdf
eng,supp,25,dadra_pdfs/eng_supp_025.pdf
eng,supp,26,dadra_pdfs/eng_supp_026.pdf
eng,supp,27,dadra_pdfs/eng_supp_027.pdf
eng,supp,28,dadra_pdfs/eng_supp_028.pdf
eng,supp,29,dadra_pdfs/eng_supp_029.pdf
eng,supp,30,dadra_pdfs/eng_supp_030.pdf
eng,supp,31,dadra_pdfs/eng_supp_031.pdf
eng,supp,32,dadra_pdfs/eng_supp_032.pdf
eng,supp,33,dadra_pdfs/eng_supp_033.pdf
eng,supp,34,dadra_pdfs/eng_supp_034.pdf
eng,supp,35,dadra_pdfs/eng_supp_035.pdf
eng,supp,36,dadra_pdfs/eng_supp_036.pdf
eng,supp,37,dadra_pdfs/eng_supp_037.pdf
eng,supp,38,dadra_pdfs/eng_supp_038.pdf
eng,supp,39,dadra_pdfs/eng_supp_039.pdf
eng,supp,40,dadra_pdfs/eng_supp_040.pdf
eng,supp,41,dadra_pdfs/eng_supp_041.pdf
eng,supp,42,dadra_pdfs/eng_supp_042.pdf
eng,supp,43,dadra_pdfs/eng_supp_043.pdf
eng,supp,44,dadra_pdfs/eng_supp_044.pdf
eng,supp,45,dadra_pdfs/eng_supp_045.pdf
eng,supp,46,dadra_pdfs/eng_supp_046.pdf
eng,supp,47,dadra_pdfs/eng_supp_047.pdf
eng,supp,48,dadra_pdfs/eng_supp_048.pdf
eng,supp,49,dadra_pdfs/eng_supp_049.pdf
eng,supp,50,dadra_pdfs/eng_supp_050.pdf
eng,supp,51,dadra_pdfs/eng_supp_051.pdf
eng,supp,52,dadra_pdfs/eng_supp_052.pdf
eng,supp,53,dadra_pdfs/eng_supp_053.pdf
eng,supp,54,dadra_pdfs/eng_supp_054.pdf
eng,supp,55,dadra_pdfs/eng_supp_055.pdf
eng,supp,56,dadra_pdfs/eng_supp_056.pdf
eng,supp,57,dadra_pdfs/eng_supp_057.pdf
eng,supp,58,dadra_pdfs/eng_supp_058.pdf
eng,supp,59,dadra_pdfs/eng_supp_059.pdf
eng,supp,60,dadra_pdfs/eng_supp_060.pdf
eng,supp,61,dadra_pdfs/eng_supp_061.pdf
eng,supp,62,dadra_pdfs/eng_supp_062.pdf
eng,supp,63,dadra_pdfs/eng_supp_063.pdf
eng,supp,64,dadra_pdfs/eng_supp_064.pdf
eng,supp,65,dadra_pdfs/eng_supp_065.pdf
eng,supp,66,dadra_pdfs/eng_supp_066.pdf
eng,supp,67,dadra_pdfs/eng_supp_067.pdf
eng,supp,68,dadra_pdfs/eng_supp_068.pdf
eng,supp,69,dadra_pdfs/eng_supp_069.pdf
eng,supp,70,dadra_pdfs/eng_supp_070.pdf
eng,supp,71,dadra_pdfs/eng_supp_071.pdf
eng,supp,72,dadra_pdfs/eng_supp_072.pdf
eng,supp,73,dadra_pdfs/eng_supp_073.pdf
eng,supp,74,dadra_pdfs/eng_supp_074.pdf
eng,supp,75,dadra_pdfs/eng_supp_075.pdf
eng,supp,76,dadra_pdfs/eng_supp_076.pdf
eng,supp,77,dadra_pdfs/eng_supp_077.pdf
eng,supp,78,dadra_pdfs/eng_supp_078.pdf
eng,supp,79,dadra_pdfs/eng_supp_079.pdf
eng,supp,80,dadra_pdfs/eng_supp_080.pdf
eng,supp,81,dadra_pdfs/eng_supp_081.pdf
eng,supp,82,dadra_pdfs/eng_supp_082.pdf
eng,supp,83,dadra_pdfs/eng_supp_083.pdf
eng,supp,84,dadra_pdfs/eng_supp_084.pdf
eng,supp,85,dadra_pdfs/eng_supp_085.pdf
eng,supp,86,dadra_pdfs/eng_supp_086.pdf
eng,supp,87,dadra_pdfs/eng_supp_087.pdf
eng,supp,88,dadra_pdfs/eng_supp_088.pdf
eng,supp,89,dadra_pdfs/eng_supp_089.pdf
eng,supp,90,dadra_pdfs/eng_supp_090.pdf
eng,supp,91,dadra_pdfs/eng_supp_091.pdf
eng,supp,92,dadra_pdfs/eng_supp_092.pdf
eng,supp,93,dadra_pdfs/eng_supp_093.pdf
eng,supp,94,dadra_pdfs/eng_supp_094.pdf
eng,supp,95,dadra_pdfs/eng_supp_095.pdf
eng,supp,96,dadra_pdfs/eng_supp_096.pdf
eng,supp,97,dadra_pdfs/eng_supp_097.pdf
eng,supp,98,dadra_pdfs/eng_supp_098.pdf
eng,supp,99,dadra_pdfs/eng_supp_099.pdf
eng,supp,100,dadra_pdfs/eng_supp_100.pdf
eng,supp,101,dadra_pdfs/eng_supp_101.pdf
eng,supp,102,dadra_pdfs/eng_supp_102.pdf
eng,supp,103,dadra_pdfs/eng_supp_103.pdf
eng,supp,104,dadra_pdfs/eng_supp_104.pdf
eng,supp,105,dadra_pdfs/eng_supp_105.pdf
eng,supp,106,dadra_pdfs/eng_supp_106.pdf
eng,supp,107,dadra_pdfs/eng_supp_107.pdf
eng,supp,108,dadra_pdfs/eng_supp_108.pdf
eng,supp,109,dadra_pdfs/eng_supp_109.pdf
eng,supp,110,dadra_pdfs/eng_supp_110.pdf
eng,supp,111,dadra_pdfs/eng_supp_111.pdf
eng,supp,112,dadra_pdfs/eng_supp_112.pdf
eng,supp,113,dadra_pdfs/eng_supp_113.pdf
eng,supp,114,dadra_pdfs/eng_supp_114.pdf
eng,supp,115,dadra_pdfs/eng_supp_115.pdf
eng,supp,116,dadra_pdfs/eng_supp_116.pdf
eng,supp,117,dadra_pdfs/eng_supp_117.pdf
eng,supp,118,dadra_pdfs/eng_supp_118.pdf
eng,supp,119,dadra_pdfs/eng_supp_119.pdf
eng,supp,120,dadra_pdfs/eng_supp_120.pdf
eng,supp,121,dadra_pdfs/eng_supp_121.pdf
eng,supp,122,dadra_pdfs/eng_supp_122.pdf
eng,supp,123,dadra_pdfs/eng_supp_123.pdf
eng,supp,124,dadra_pdfs/eng_supp_124.pdf
eng,supp,125,dadra_pdfs/eng_supp_125.pdf
eng,supp,126,dadra_pdfs/eng_supp_126.pdf
eng,supp,127,dadra_pdfs/eng_supp_127.pdf
eng,supp,128,dadra_pdfs/eng_supp_128.pdf
eng,supp,129,dadra_pdfs/eng_supp_129.pdf
eng,supp,130,dadra_pdfs/eng_supp_130.pdf
eng,supp,131,dadra_pdfs/eng_supp_131.pdf
eng,supp,132,dadra_pdfs/eng_supp_132.pdf
eng,supp,133,dadra_pdfs/eng_supp_133.pdf
eng,supp,134,dadra_pdfs/eng_supp_134.pdf
eng,supp,135,dadra_pdfs/eng_supp_135.pdf
eng,supp,136,dadra_pdfs/eng_supp_136.pdf
eng,supp,137,dadra_pdfs/eng_supp_137.pdf
eng,supp,138,dadra_pdfs/eng_supp_138.pdf
eng,supp,139,dadra_pdfs/eng_supp_139.pdf
eng,supp,140,dadra_pdfs/eng_supp_140.pdf
eng,supp,141,dadra_pdfs/eng_supp_141.pdf
eng,supp,142,dadra_pdfs/eng_supp_142.pdf
eng,supp,143,dadra_pdfs/eng_supp_143.pdf
eng,supp,144,dadra_pdfs/eng_supp_144.pdf
eng,supp,145,dadra_pdfs/eng_supp_145.pdf
eng,supp,146,dadra_pdfs/eng_supp_146.pdf
eng,supp,147,dadra_pdfs/eng_supp_147.pdf
eng,supp,148,dadra_pdfs/eng_supp_148.pdf
eng,supp,149,dadra_pdfs/eng_supp_149.pdf
eng,supp,150,dadra_pdfs/eng_supp_150.pdf
eng,supp,151,dadra_pdfs/eng_supp_151.pdf
eng,supp,152,dadra_pdfs/eng_supp_152.pdf
eng,supp,153,dadra_pdfs/eng_supp_153.pdf
eng,supp,154,dadra_pdfs/eng_supp_154.pdf
eng,supp,155,dadra_pdfs/eng_supp_155.pdf
eng,supp,156,dadra_pdfs/eng_supp_156.pdf
eng,supp,157,dadra_pdfs/eng_supp_157.pdf
eng,supp,158,dadra_pdfs/eng_supp_158.pdf
eng,supp,159,dadra_pdfs/eng_supp_159.pdf
eng,supp,160,dadra_pdfs/eng_supp_160.pdf
eng,supp,161,dadra_pdfs/eng_supp_161.pdf
eng,supp,162,dadra_pdfs/eng_supp_162.pdf
eng,supp,163,dadra_pdfs/eng_supp_163.pdf
eng,supp,164,dadra_pdfs/eng_supp_164.pdf
eng,supp,165,dadra_pdfs/eng_supp_165.pdf
eng,supp,166,dadra_pdfs/eng_supp_166.pdf
eng,supp,167,dadra_pdfs/eng_supp_167.pdf
eng,supp,168,dadra_pdfs/eng_supp_168.pdf
eng,supp,169,dadra_pdfs/eng_supp_169.pdf
eng,supp,170,dadra_pdfs/eng_supp_170.pdf
eng,supp,171,dadra_pdfs/eng_supp_171.pdf
eng,supp,172,dadra_pdfs/eng_supp_172.pdf
eng,supp,173,dadra_pdfs/eng_supp_173.pdf
eng,supp,174,dadra_pdfs/eng_supp_174.pdf
eng,supp,175,dadra_pdfs/eng_supp_175.pdf
eng,supp,176,dadra_pdfs/eng_supp_176.pdf
eng,supp,177,dadra_pdfs/eng_supp_177.pdf
eng,supp,178,dadra_pdfs/eng_supp_178.pdf
eng,supp,179,dadra_pdfs/eng_supp_179.pdf
eng,supp,180,dadra_pdfs/eng_supp_180.pdf
eng,supp,181,dadra_pdfs/eng_supp_181.pdf
eng,supp,182,dadra_pdfs/eng_supp_182.pdf
eng,supp,183,dadra_pdfs/eng_supp_183.pdf
eng,supp,184,dadra_pdfs/eng_supp_184.pdf
eng,supp,185,dadra_pdfs/eng_supp_185.pdf
eng,supp,186,dadra_pdfs/eng_supp_186.pdf
eng,supp,187,dadra_pdfs/eng_supp_187.pdf
eng,supp,188,dadra_pdfs/eng_supp_188.pdf
eng,supp,189,dadra_pdfs/eng_supp_189.pdf
eng,supp,190,dadra_pdfs/eng_supp_190.pdf
eng,supp,191,dadra_pdfs/eng_supp_191.pdf
eng,supp,192,dadra_pdfs/eng_supp_192.pdf
eng,supp,193,dadra_pdfs/eng_supp_193.pdf
eng,supp,194,dadra_pdfs/eng_supp_194.pdf
eng,supp,195,dadra_pdfs/eng_supp_195.pdf
eng,supp,196,dadra_pdfs/eng_supp_196.pdf
eng,supp,197,dadra_pdfs/eng_supp_197.pdf
eng,supp,198,dadra_pdfs/eng_supp_198.pdf
eng,supp,199,dadra_pdfs/eng_supp_199.pdf
eng,supp,200,dadra_pdfs/eng_supp_200.pdf
eng,supp,201,dadra_pdfs/eng_supp_201.pdf
eng,supp,202,dadra_pdfs/eng_supp_202.pdf
eng,supp,203,dadra_pdfs/eng_supp_203.pdf
eng,supp,204,dadra_pdfs/eng_supp_204.pdf
eng,supp,205,dadra_pdfs/eng_supp_205.pdf
eng,supp,206,dadra_pdfs/eng_supp_206.pdf
eng,supp,207,dadra_pdfs/eng_supp_207.pdf
eng,supp,208,dadra_pdfs/eng_supp_208.pdf
eng,supp,209,dadra_pdfs/eng_supp_209.pdf
eng,supp,210,dadra_pdfs/eng_supp_210.pdf
eng,supp,211,dadra_pdfs/eng_supp_211.pdf
eng,supp,212,dadra_pdfs/eng_supp_212.pdf
eng,supp,213,dadra_pdfs/eng_supp_213.pdf
eng,supp,214,dadra_pdfs/eng_supp_214.pdf
eng,supp,215,dadra_pdfs/eng_supp_215.pdf
eng,supp,216,dadra_pdfs/eng_supp_216.pdf
eng,supp,217,dadra_pdfs/eng_supp_217.pdf
eng,supp,218,dadra_pdfs/eng_supp_218.pdf
eng,supp,219,dadra_pdfs/eng_supp_219.pdf
eng,supp,220,dadra_pdfs/eng_supp_220.pdf
eng,supp,221,dadra_pdfs/eng_supp_221.pdf
eng,supp,222,dadra_pdfs/eng_supp_222.pdf
eng,supp,223,dadra_pdfs/eng_supp_223.pdf
eng,supp,224,dadra_pdfs/eng_supp_224.pdf
eng,supp,225,dadra_pdfs/eng_supp_225.pdf
eng,supp,226,dadra_pdfs/eng_supp_226.pdf
eng,supp,227,dadra_pdfs/eng_supp_227.pdf
eng,supp,228,dadra_pdfs/eng_supp_228.pdf
eng,supp,229,dadra_pdfs/eng_supp_229.pdf
eng,supp,230,dadra_pdfs/eng_supp_230.pdf
eng,supp,231,dadra_pdfs/eng_supp_231.pdf
eng,supp,232,dadra_pdfs/eng_supp_232.pdf
eng,supp,233,dadra_pdfs/eng_supp_233.pdf
eng,supp,234,dadra_pdfs/eng_supp_234.pdf
eng,supp,235,dadra_pdfs/eng_supp_235.pdf
eng,supp,236,dadra_pdfs/eng_supp_236.pdf
eng,supp,237,dadra_pdfs/eng_supp_237.pdf
eng,supp,238,dadra_pdfs/eng_supp_238.pdf
eng,supp,239,dadra_pdfs/eng_supp_239.pdf
eng,supp,240,dadra_pdfs/eng_supp_240.pdf
eng,supp,241,dadra_pdfs/eng_supp_241.pdf
eng,supp,242,dadra_pdfs/eng_supp_242.pdf
eng,supp,243,dadra_pdfs/eng_supp_243.pdf
eng,supp,244,dadra_pdfs/eng_supp_244.pdf
eng,supp,245,dadra_pdfs/eng_supp_245.pdf
eng,supp,246,dadra_pdfs/eng_supp_246.pdf
eng,supp,247,dadra_pdfs/eng_supp_247.pdf
eng,supp,248,dadra_pdfs/eng_supp_248.pdf
eng,supp,249,dadra_pdfs/eng_supp_249.pdf
eng,supp,250,dadra_pdfs/eng_supp_250.pdf
eng,supp,251,dadra_pdfs/eng_supp_251.pdf
eng,supp,252,dadra_pdfs/eng_supp_252.pdf
eng,supp,253,dadra_pdfs/eng_supp_253.pdf
eng,supp,254,dadra_pdfs/eng_supp_254.pdf
eng,supp,255,dadra_pdfs/eng_supp_255.pdf
eng,supp,256,dadra_pdfs/eng_supp_256.pdf
eng,supp,257,dadra_pdfs/eng_supp_257.pdf
eng,supp,258,dadra_pdfs/eng_supp_258.pdf
eng,supp,259,dadra_pdfs/eng_supp_259.pdf
eng,supp,260,dadra_pdfs/eng_supp_260.pdf
eng,supp,261,dadra_pdfs/eng_supp_261.pdf
eng,supp,262,dadra_pdfs/eng_supp_262.pdf
eng,supp,263,dadra_pdfs/eng_supp_263.pdf
eng,supp,264,dadra_pdfs/eng_supp_264.pdf
eng,supp,265,dadra_pdfs/eng_supp_265.pdf
eng,supp,266,dadra_pdfs/eng_supp_266.pdf
